{
  "player_build_data": [
    {
      "type": "playerBuildTimingData",
      "msg": {
        "build_event_id": "53c4c5b2257ea2144a8dd3271b613c8d",
        "build_player": 79381,
        "preprocess_player": 66,
        "produce_player_script_assemblies": 23734,
        "build_scripts_dlls": 32856,
        "writing_asset_files": 1203,
        "postprocess_built_player": 2930,
        "node_summary_table": [
          {
            "name": "Csc",
            "duration": 8646
          }
        ]
      },
      "version": 1
    }
  ]
}